tx,ty,tz
-0.1185453985049992,0.06541994436347591,1.1403343036086053
-0.12124230185904504,0.06570986009923452,1.1398566268356278
-0.11509502695685071,0.06951101660688552,1.140517573464192
-0.1141531681793659,0.06216394053168787,1.1405834661651253
-0.12683238202323247,0.07228973609214324,1.138012090126148
-0.1271372240728985,0.07048133821255596,1.1389488006076167
-0.12094890795791757,0.08267884772514444,1.1384045475139952
-0.12625021883832593,0.07493138215435372,1.1386135399667128
-0.1081525801669841,0.06492379139728982,1.1427273007551177
-0.12377377114311883,0.07284777004283213,1.1402905658812323
-0.1178698367104966,0.07738115601300971,1.1413619160065513
-0.12350554016377481,0.07342178018090838,1.1405027820481952
-0.11570134121931672,0.07343984564574577,1.1424133337509104
-0.1235384037547145,0.07476545598858664,1.1412795080934108
-0.1170019818970541,0.07899503034229403,1.1414844151333159
-0.11525798772142612,0.08589720530558628,1.1417036436966266
-0.11499182218736463,0.07020679789127866,1.143583807904589
-0.10921769181406936,0.07092415060078398,1.1442867339727647
-0.12743183377910147,0.0633444003649032,1.1430391543081568
-0.121376008716666,0.06446776479449783,1.1442735348246358
-0.11755963469558336,0.07644172296028656,1.143961787934229
-0.10928788672615804,0.07732789258707815,1.145488168576551
-0.11300245281618904,0.0733076892359526,1.1460692560039432
-0.12600778456675937,0.06672193702453591,1.1453272117508781
-0.11534607301627231,0.07003516895420298,1.1461416559309836
-0.1237931938375251,0.07407448520371097,1.1461721022941471
-0.12326177242630681,0.07248508926772566,1.146866467074099
-0.12661299626739062,0.0761693897487958,1.1468056284446033
-0.13070811856692258,0.06014282945874959,1.1489702103491386
-0.12705287708853635,0.07317793134116367,1.1487022224866286
-0.1399923049696903,0.07416626695074573,1.1474323890968754
-0.1244383763600436,0.08190294132952496,1.1492693056489787
-0.12806098136639446,0.07473696192584667,1.1497133688923693
-0.1307701834264545,0.0728136803470372,1.1497376880788757
-0.14082709487687395,0.07129734492590695,1.1489879078247802
-0.13744144632946087,0.07060970967336637,1.1521070682678878
-0.13529699280785693,0.06173070707509762,1.1540475698021742
-0.13900498469575429,0.06465881742673207,1.1544909607244924
-0.13955390010871857,0.0541113792257014,1.1572580774149372
-0.14286235054894084,0.05979752641437664,1.1581169598397463
-0.13491295501487902,0.05754338519362573,1.159464663612241
-0.1423874420428035,0.05534837752598434,1.1593176608457665
-0.15440248448150767,0.06289189640269614,1.1574784545594294
-0.15262342333500348,0.05625330638007634,1.160088528281858
-0.1637490221723029,0.05853466906553746,1.1597190964644195
-0.15026412977433729,0.05795421777311604,1.1642849908481054
-0.1481202464696285,0.06588277744966332,1.1648845742296017
-0.15905335742450327,0.05613608219750484,1.1640185846255662
-0.16186712783263085,0.06067693437777709,1.1636259386888745
-0.1457005930571836,0.037274222207255785,1.1682575216907272
-0.16145420179657155,0.05042047392173327,1.164704808676413
-0.1594792830582408,0.052470801897263206,1.1647906126432133
-0.14864481554477124,0.03729786735553648,1.169084855436294
-0.15243017529042635,0.032878795989993936,1.1691761588799376
-0.15589699895301548,0.03617566241825019,1.1665876681297669
-0.1589682254159107,0.0350006624499688,1.165574139579681
-0.16033247278833943,0.024869130437670788,1.166378135269139
-0.16406378955444584,0.03269387689588171,1.1659953806859247
-0.16823901180958245,0.03214755598433771,1.1666530808935969
-0.17831750413808944,0.024147302936334103,1.1657798125075989
-0.16751515696416072,0.03558924637932114,1.1679800943946461
-0.160804198768709,0.03467431914252032,1.1696191285239557
-0.17600597291134434,0.029135868770034972,1.165915230641434
-0.16646138552334325,0.031901529707419725,1.1685503224271596
-0.15762028544087803,0.03474098178138739,1.169881703397209
-0.15650073763367456,0.03489915667153119,1.170679340737536
-0.14753209838785997,0.04913877785489348,1.1699992401496646
-0.1548429366616173,0.02844255319326434,1.167961772912572
-0.16022240591696288,0.035940244924579624,1.1662018967708625
-0.14024386056095403,0.045859057645690496,1.1689215149168268
-0.16852457985329272,0.05728601490053693,1.1626663073419936
-0.17407337247321017,0.07020800010739812,1.1611901980677029
-0.17417948085348478,0.08070417484819672,1.1600280768049367
-0.15927444459210524,0.07206824642976742,1.1655478171897882
-0.17250495565498192,0.09575576212819331,1.1603426844659552
-0.1991071291241797,0.16565286246840466,1.1377652297881975
-0.236253903016766,0.10012133848190498,1.1351537367549647
-0.16203098892313755,0.07442009125397252,1.1617805805618056
-0.1262283643832521,0.04257213672792669,1.1685913540267034
-0.12548665177370896,0.06247469164703738,1.1674867583309732
-0.10598814316687437,0.050157860906156995,1.1708574035419657
-0.11976594659741381,0.06251197560348541,1.1669471924746035
-0.12446796966297882,0.05268763521006776,1.1661698640914602
-0.13034525909128614,0.05458373463406499,1.1640880291928333
-0.12618638162011023,0.054880080846101326,1.1648001339034657
-0.13531023152078073,0.06378236897869884,1.161947766778626
-0.12234665861741467,0.05170272355256881,1.165287304513484
-0.11209448470683586,0.061659002590870586,1.166764553234696
-0.12447516710317731,0.05979630230045917,1.164700930507613
-0.12287805601008515,0.053637317902145216,1.1661677156184111
-0.13081832458442202,0.053291429597706226,1.1647988525543993
-0.1285512109605329,0.05388041806874327,1.1655670593967304
-0.12419893712300845,0.060022464707294866,1.1664666723862098
-0.11726754037956634,0.04704347226201054,1.169011972355826
-0.12601426835906476,0.052286495596048956,1.1673201240686495
-0.12756540686822004,0.059750812738019646,1.1663229910118995
-0.1167860223073702,0.05473965707328273,1.1679867693120356
-0.1144381422625945,0.05086909482595964,1.1690367573856255
-0.11462942735268092,0.05272709728193811,1.1681782455849574
-0.1086427073852078,0.05135130006851728,1.168883918485621
-0.11597218600079152,0.0489482196934359,1.1668251541463064
-0.11635323603664931,0.05141762567186648,1.165921296483462
-0.11081640829122646,0.05387064836916268,1.1657822277557077
-0.10870064299291267,0.05151770449227479,1.16565261780555
-0.11705521981947281,0.07064201763736212,1.1612324725682914
-0.1123958743558171,0.05767504476748728,1.160087043550922
-0.09434406265167122,0.058064376921287596,1.1595355096725601
-0.10451133605125726,0.04812362813145345,1.1565954912640788
-0.09879034254965388,0.0641642686693904,1.1539750122168257
-0.10373892238407587,0.05218697185811128,1.1511326359342333
-0.1030547383155189,0.05141262174057866,1.1492278974458636
-0.11077594583210859,0.04802686209028551,1.1452783971220382
-0.10040856950201735,0.052686129365899,1.1432657629501182
-0.09168561567458959,0.047680233138040935,1.1416728985043514
-0.10225881204522995,0.05098478391995635,1.1367099035336579
-0.09543810203811236,0.061548979825685836,1.1331885744269476
-0.08816986889386533,0.0578682622822512,1.1310680024127742
-0.08425415139848366,0.04685210463010119,1.1281037112245924
-0.09100237809221215,0.041015081850272625,1.1244210379131654
-0.0781898437763396,0.05370834542000064,1.1210235079553286
-0.0803612051584344,0.0426693362707448,1.1178602431797664
-0.08042634318687907,0.04365247173207847,1.1138744689005955
-0.09114694058433377,0.04083326132795091,1.1091682898148325
-0.08101927719072863,0.061271529188754545,1.106106046568559
-0.08431512881057844,0.04974285201699631,1.1034889277406374
-0.0843557443946519,0.04251978000627582,1.101190331934362
-0.08511991598446504,0.04624446198076916,1.0984911385007052
-0.07369579391863974,0.04604496718974442,1.0971298028674006
-0.07255814486383629,0.05090771880861673,1.0946483390351907
-0.06860698160760714,0.04567253935998646,1.0946454490907285
-0.07118297167804907,0.04849883279151554,1.0936012658007797
-0.05807214579418551,0.04872249531207381,1.0925075040923848
-0.06239889145849755,0.04142952175244665,1.0919874993413032
-0.06620965596902091,0.05204201841406277,1.0905188332799745
-0.07425805897520202,0.05551022539787874,1.0894510819171084
-0.06061229743899505,0.050727482409537374,1.0901955407191541
-0.06263190448895983,0.052291437166856886,1.0893702751092544
-0.059515622528610326,0.06002409240056263,1.0891946201264853
-0.06161138840439737,0.0509986438835451,1.0903384423816318
-0.06544581516870894,0.05339223435666738,1.0906501038765068
-0.0749939564543492,0.048633237006791716,1.091292358571497
-0.07683452660804674,0.05251566255661166,1.0913375966963887
-0.06365990954931958,0.05300258951364328,1.0946944088147477
-0.08462020244119671,0.06202338040805045,1.0937594958063392
-0.09586702571254858,0.051289433408036995,1.0950225090392236
-0.09419839353681918,0.06082997053063778,1.0960404392234395
-0.09394364549532162,0.05997746925851578,1.0979868010635736
-0.10738720811546337,0.048993891589159164,1.098249989463733
-0.10475506023256807,0.050813372966373345,1.1002153762858629
-0.13207260580654537,0.05663861178079328,1.0970081003785932
-0.1291104931496812,0.055081403916281975,1.1003670253735138
-0.1278989663458004,0.056672533448166224,1.1033821771633632
-0.13629880557136548,0.05306931074488238,1.1059059273787086
-0.14382215753693758,0.05403586722575007,1.1076770476641447
-0.15818671521217129,0.04872401696033962,1.1077690563367613
-0.1600050894825292,0.059667000522923175,1.1102637295323312
-0.17004780678686118,0.05455077241747252,1.1109541852284914
-0.18100501416726114,0.058631994011673426,1.111044387390994
-0.18653997042907902,0.06841836031739087,1.1128541351574877
-0.19781988490398125,0.05677990452536984,1.113370269474932
-0.20367940938990223,0.06226374507152505,1.1146777205577423
-0.2042517415590109,0.06397588227360584,1.1167675399618038
-0.20587567840069476,0.06998979165405339,1.1187149342455867
-0.20683764170920133,0.07021214812308528,1.1207192396749237
-0.21229390604221562,0.0683203330575028,1.1213016188718505
-0.21711476674854993,0.06872725561409827,1.1232557458361665
-0.21128830666842402,0.06987007638875828,1.1265454256789957
-0.21930147384087093,0.07300669918019441,1.1249540215786777
-0.22022683254030725,0.06919390952014665,1.1266638657065302
-0.22090357280343176,0.06827820436427699,1.127727549336391
-0.21963346161774103,0.0668672567685722,1.1290273412456915
-0.21459221236094408,0.0699641284031504,1.1314744197339082
-0.2212732141739441,0.06829278782371206,1.1307520631203234
-0.20914392543866753,0.07537975449927535,1.1334244855455335
-0.20760768765246776,0.07222293567385807,1.1366985884052054
-0.20171155986937297,0.08001067208480359,1.1392435443373046
-0.18284344270546626,0.0752302967727769,1.1447118103431773
-0.1783633849603382,0.08006396235363486,1.1468968086285696
-0.1808696024116863,0.08253345138036366,1.1467806444228679
-0.1716359416864433,0.07781432939963105,1.1514929289000442
-0.158208343666235,0.08724078622610987,1.1546169089315659
-0.14948496760144983,0.06822820669104317,1.161292824649055
-0.11680214639165594,0.08775848158150158,1.164755387535313
-0.127388102169666,0.08819832917211584,1.1639794176867402
-0.0882949849680607,0.08385889135817579,1.1727757184074161
-0.11011348380403155,0.06585828923723751,1.1740489448295959
-0.07528124095403937,0.05487737082389458,1.1809990034723226
-0.03789987821705081,0.08174216672609295,1.1848909964887229
-0.05489102441374499,0.07396996374639236,1.188374657352766
-0.03214912060440885,0.0736078975124934,1.1915735587886427
0.04159904876850941,0.10052295129850226,1.1932537557699296
0.0649052878516181,0.10531016629570135,1.1946419829594748
0.07258981592531945,0.07978623715482988,1.2025807099583044
0.06688616375844453,0.08319756662678948,1.2080763726349024
0.07610682469529569,0.0671647104890896,1.214943136380837
0.08194289571729976,0.06344454708424935,1.2209194831641306
0.07447442347459705,0.042921813655121314,1.2286603730297463
0.10432403913885327,0.04728922910526299,1.2300299800418144
0.12147393344761634,0.06229648198523137,1.232585164621987
0.1469199488641355,0.08610495109080214,1.2306624909362045
0.14750714445699334,0.07229173696125885,1.2390983046694442
0.1621883936006149,0.08039718040364943,1.2406330758444313
0.17295290906125804,0.08635827527590388,1.2426761038640715
0.176459943692776,0.09910298483518894,1.2447758136214195
0.17777643037437768,0.0781745548354592,1.2517076646346053
0.1790322493743461,0.06938509110389585,1.2537185372700062
0.20327598409609246,0.055326308677675184,1.251481356685358
0.2081795172022499,0.07487523661648139,1.2517819920510318
0.22152915521091948,0.061422897951721525,1.2531774873363473
0.2317041841999177,0.05799592690260264,1.2536975670816262
0.23456567175336634,0.06197555641261855,1.2564188117167354
0.2566780219492733,0.06689539504621235,1.2528468797088634
0.2610862637422552,0.07445061555691503,1.2540778157861405
0.2775233518573891,0.06543737534084527,1.2506240933159622
0.27878273533629994,0.049143864040037,1.2545513090989295
0.29283811742575366,0.06668662800248476,1.2513319214000502
0.30002136243364563,0.06126721426599502,1.251306584779988
0.3134555263379634,0.05856309512535344,1.2496417032970972
0.31706539648581533,0.05909763609163597,1.2504841484929803
0.3315822326395191,0.0660440890158438,1.2482081240795064
0.32953554909663807,0.0678137700542868,1.2534927263376443
0.3414408067519394,0.06058442810624206,1.2528624858794677
0.3523697927745636,0.05161352859866373,1.253683385433757
0.35727593144479614,0.061789527664506905,1.2568845198655076
0.3653846191357986,0.07342217306134018,1.2578640762100406
0.37351546214300296,0.07293800679101597,1.2603373559409905
0.383896959376711,0.06415128276442134,1.2653637525479517
0.3971000506604971,0.06502580963821475,1.2704632632697914
0.4056748250222724,0.06332448497418042,1.2783228406148162
0.40922390230532696,0.06645655243909052,1.289416710994947
0.4172995003092147,0.0682351253109704,1.2993271735970933
0.4226923228596519,0.06917271285846929,1.3089078739943418
0.42964135744665743,0.06904218314675474,1.3195445416364573
0.4393989153504646,0.07140197584427897,1.3277765242392638
0.4554086778580632,0.07036057015344804,1.3333663274276737
0.45407219964961254,0.07229310240487136,1.351083056577016
0.4673507453020308,0.07326533998291335,1.3600521634783127
0.4719605788021194,0.06981999434522959,1.3726893175202477
0.4717115479025975,0.0630132195384728,1.3891039507127674
0.48355655229119743,0.05408039109940586,1.3989460934313256
0.49064015885635043,0.04716958474131997,1.4116696962274928
0.5013560106649846,0.06408095037594402,1.4197555786980414
0.5062496252798573,0.06471807333755504,1.4319758382344558
0.5069077926866724,0.07398724942476058,1.4475268604391773
0.5152371264162395,0.07799959015637749,1.459178598988664
0.5160756432985245,0.06918139799963229,1.4727193178678555
0.5199129992870186,0.06288682864519939,1.4858409414807694
0.5171765729475754,0.0764422192453181,1.5001461375009344
0.5205326370563672,0.0778937527733182,1.5091605890434723
0.5250025089910322,0.07944062983276302,1.517343710141751
0.5261366236828905,0.08712378178926025,1.5276427008219027
0.5237363713347469,0.08385913997202686,1.5355371084065579
0.5245895895364853,0.08361913453935468,1.5454809957887343
0.511696293872896,0.08913784678831081,1.5595540578638671
0.5003532295237864,0.10269588499631095,1.568219460938937
0.49220516584268686,0.08263878980896944,1.5797423588196242
0.49253895509702394,0.1100825599855086,1.5831231510619217
0.48265615227288167,0.11931292181074536,1.5894074024493399
0.4791332801957463,0.11463400996039992,1.5944547742253443
0.4722249750488916,0.12041182723573102,1.5977714457655967
0.4588783182431515,0.12415103758966264,1.6060775166883268
0.45010190301123,0.10857342729541146,1.614410922580059
0.42540949272528583,0.11006925855244196,1.6248196982487628
0.4128334003875711,0.10421516583954023,1.6314966741169636
0.41474645828023304,0.11082907030129524,1.634425369187808
0.3929541160131882,0.10276142801723087,1.644612167618563
0.37678340655409076,0.07337387427426115,1.653549518946063
0.3604557992423337,0.09491753037775602,1.6604262294511765
0.33968807354594466,0.09258334126874662,1.6713601250142938
0.33053000691573287,0.07946869833050509,1.6813684192363907
0.31108664233302746,0.10504814631162869,1.6847278605044114
0.32042161587447476,0.08163740281532403,1.6825852064158
0.30510591509779017,0.09075707023174605,1.6868888423453656
0.2768766732864839,0.06688518705484552,1.6965906084138123
0.2745220370946545,0.04698198817008418,1.7011124222408922
0.2518368130398786,0.0468251743717087,1.7082429835503092
0.23249275727978003,0.0403673823550842,1.7109019032907802
0.24303503074744812,0.03384642858888344,1.7083682574973873
0.22703068786310143,0.0036195820603441356,1.711365969591469
0.20823943847610404,0.03531769987008564,1.7125507596277483
0.19523126511526392,0.05775878464825133,1.7158540863738354
0.18808358121578628,0.07249112893107663,1.7136256528901546
0.18334685660895947,0.05932229396769888,1.7130139546338703
0.1877091449819433,0.049418739299610825,1.7094450055375456
0.16828751297480926,0.07482751123797449,1.7097006194662752
0.15760485785368403,0.10073891989704685,1.7041124425897056
0.14208685597753817,0.028530483176902415,1.7066014130682812
0.14768591412095244,0.030217539348499887,1.7033449860069654
0.15506959065618242,0.08435105826328178,1.6947938085192635
0.13017227198148038,0.05528812997773511,1.6965099834627249
0.11391556941551882,0.041029826800723354,1.6977081730356276
-0.124635211666749,-0.08129026957580007,1.6888179882415677
0.09546962247948297,0.051282421578724084,1.6901869936830465
0.13352716801353118,0.019055460567761025,1.6871300866597436
0.05018472757461333,0.07332070688413629,1.6872000188833642
0.07189017285427474,0.061494042789220396,1.6800920552032412
0.016343027349873782,0.0550134092266125,1.6784693664354702
0.015978655951691272,0.07363385585785785,1.6748492191381006
-0.10392337405755368,-0.00045855084540167635,1.6707326665352533
-0.11736526358722571,0.004865999894169364,1.6696262772331014
-0.13751314856264804,0.018403218787051652,1.668881065548111
-0.12911291109197265,-0.015447213438659702,1.6717687192065471
0.06697740219945436,-0.016932295390234223,1.680628379051224
-0.17158093891556989,0.027063928754986123,1.6720894947392841
-0.11198216636004982,0.0028961345304377045,1.6826504214533988
-0.16800763228053173,0.024859978598405642,1.6794578481143696
-0.1420192595782956,0.03858907558250809,1.6895826654949564
-0.17447863168468913,0.014008198216026332,1.690087300943726
-0.18814270625445287,0.035803260427724075,1.6949026860253888
-0.20926141620749739,0.04046631505974384,1.6947265691458528
-0.21497373898238895,0.009509088175240892,1.6973298640462409
-0.19213238079342912,0.03866196347731393,1.7076725740277618
-0.17544725393730992,-0.0007747465211145525,1.7146405918364618
-0.20242299208890366,0.039026708703257224,1.7179681322264784
-0.24907610140837044,0.037361841451809735,1.7178603089884827
-0.2799821440369848,0.056977880292461695,1.7189019444502776
-0.30430153222523304,0.05032869131456339,1.725078664295531
-0.31173489991884973,0.057934544160665034,1.7358166127090457
-0.32732383850821606,0.04819076914375225,1.7423430767840888
-0.34916687449262274,0.03606726999402332,1.747694047577331
-0.34656491815138396,0.0489352846501958,1.7577297911318395
-0.35735288629183287,0.047319213216897846,1.765485814765684
-0.37168202579410803,0.055322104679240966,1.775579640776335
-0.39182431176153737,0.059727200565244706,1.7808961319746162
-0.3796563283162987,0.06747577386027748,1.7970030039309577
-0.37887271134752176,0.05869459649442852,1.8083406609978614
-0.394206420024213,0.053714843037545396,1.8129808061650587
-0.3927217455534781,0.048675371795318445,1.8241384765158726
-0.38690295361579485,0.06807771552106609,1.835842404903666
-0.4039328299974686,0.06652626710944372,1.8407288652344254
-0.402896459066995,0.061460566088381366,1.8538177235993407
-0.4181947486449964,0.06655247353924124,1.8588357305327736
-0.426339483820142,0.06870187296693109,1.8660916490990045
-0.4290057506510431,0.0682209581522906,1.8768063199382758
-0.42836409412660814,0.0664524472583794,1.8880154716035809
-0.4399698714364722,0.06796693522556409,1.894007805854069
-0.44135313370485946,0.06431291241798488,1.904435103171761
-0.4522566214051388,0.07475392614635344,1.9124122169951272
-0.4594497897635168,0.061439337714956056,1.925168754502865
-0.45168283623270505,0.06962133351140837,1.9379494440628453
-0.46071962626718266,0.0653103747844983,1.9467057853618712
-0.46796551087006877,0.05122247656094059,1.9590640168668494
-0.462919427870185,0.06734332477748048,1.9722750081207086
-0.4481175357579206,0.0718404635522645,1.9898536743610442
-0.44445128575660003,0.06968016926099747,2.005443541262266
-0.44364465802802017,0.06486180671137828,2.018433013310654
-0.44628024073147504,0.05048499239368835,2.0337591876720102
-0.44892564864421175,0.07071683602421323,2.043022297866386
-0.4449587125649295,0.07557510016044028,2.057487709557729
-0.43563646551930885,0.06453154082681149,2.072395579546905
-0.4367112317520826,0.05832742800388736,2.0841107710446454
-0.4359203450451542,0.04553419517058301,2.095676722923425
-0.45105143544634285,0.06616497433509465,2.101447359464563
-0.4458216686410212,0.07640393712884426,2.113416969678679
-0.43218652613918723,0.06926492321652715,2.1288121914599865
-0.45858794271761516,0.0508435638912973,2.133718363968426
-0.45017043340536117,0.05358619958219012,2.146934937895011
-0.4429865038068106,0.07085145611752514,2.1566916389408854
-0.447871049761078,0.08466589118809542,2.164506514400509
-0.4487573808176171,0.08277353231730906,2.1724792405736255
-0.4224959927365841,0.0581486768626567,2.1947936567238986
-0.41325420958876735,0.08580904099054441,2.2062508121904303
-0.42951650467702396,0.06880840096246094,2.2128386675320257
-0.47659983822024243,0.05072985733389891,2.205333687547933
-0.44011349601705374,0.0699006197981289,2.2266636193945404
-0.4207950012930709,0.0700405819067401,2.2404086207069933
-0.4234106839558371,0.0739423766018655,2.251096939574514
-0.44626774797367325,0.07462535105900343,2.2581181045934713
-0.4427357588646877,0.04947448007590937,2.272937796369324
-0.4148230224871075,0.018166754040506914,2.291215648071999
-0.4341051522245131,0.044718185140201365,2.2962607253655145
-0.4915022565307083,0.043347083127860446,2.2919837094107987
-0.4331604236496882,-0.0846948073840731,2.3136083147039193
-0.4710024436732205,-0.01898935584984736,2.3111832878494667
-0.45370203711497675,0.047901201683270604,2.3269024464470136
-0.41911373642230504,0.03226885016855599,2.3496264810948255
-0.41849242806976733,0.004880358786011568,2.353919091349321
-0.4222438759138371,-0.004658339265637255,2.3611972693554044
-0.4220592842964264,0.03217037146054592,2.368244760589155
-0.43771572450082435,0.03276127006132936,2.368402431415994
-0.42937406829547164,0.02223569890031496,2.376454252149674
-0.40467562047141253,0.06939153960252667,2.3843489274529124
-0.4023712841502182,0.02930941811101901,2.3891574263446995
-0.42577983288970844,0.02419321268352235,2.3857155207982625
-0.4372947167690553,0.05663535405418073,2.3852228569402887
-0.4420823244928785,0.07102617763977025,2.3864161016553056
-0.43573379256049893,0.036692976283297214,2.3907591467350313
-0.39993200629362846,0.06442741615016959,2.401442891581965
-0.4306278753569797,0.06123595283458628,2.397488303985352
-0.4472928053706033,0.048802194982428056,2.3920710243507064
-0.38847460605304135,-0.0008379527569008646,2.408471202211504
-0.3828663004596751,-0.005228581019955188,2.4115318927046645
-0.2617466694292689,0.021880999725026395,2.4376070932833325
-0.2615790880970738,-0.02967961488206565,2.437809038859248
-0.4271299767854495,0.026165820982096282,2.4066595621763853
0.0576873765584973,0.8202981807179319,2.190328758907951
0.005575399190714644,-0.9007613430166694,2.0787780820154187
0.26720344066391866,-0.7159530636111578,2.210298580850065
-0.23068644538654162,0.27532434975789766,2.3972735639573046
0.08729385955146977,0.5422108614355673,2.341137459870479
0.4304805970891321,-0.28326216146581473,2.3752983184876477
0.5660858436438094,-0.12600451930524886,2.3616421114089055
-0.5505682306820068,0.1526897712491695,2.3667941822639587
-0.4473503963171262,0.07953989946778578,2.400174370549096
-0.29076803636937804,0.20968223152285526,2.4082662354142195
0.12433212963768739,0.1372201879062934,2.4321090429169874
-0.19401836181749,-0.21619919255993275,2.4139742743205224
0.29979153478763426,0.1820712062985077,2.401041361773958
0.26860338413668566,0.16943667241789157,2.404308485696938
-0.3070591965604085,-0.19921821824444036,2.3888967151243437
-0.32889034997959493,-0.11399935810308981,2.3875682809446452
-0.3575943099812791,-0.19758740684443074,2.365643036068491
0.23001883845419968,0.349980315259319,2.3526360607192847
-0.5376151628494491,-0.26282704025595743,2.3015912729737793
0.21894810303659287,0.500112497688004,2.306306699880583
-0.061443555376875444,-0.8971003906292051,2.0650873807630714
0.11010405882023898,0.8828077762425841,1.9940265577574714
0.03222948649897557,0.7429965509878939,2.1259164319371
0.34847131790242103,0.1954571771885023,2.324831783751287
0.2520399243110831,0.12777013500840212,2.342408482593358
0.2843371882839216,0.19588039216417855,2.3201436969067584
0.33723476428364657,0.22580247462075165,2.2971617282672456
0.28376819557958965,0.16400978628931062,2.3070721726447787
0.25883024440990837,0.11611078180672564,2.311613899285883
0.3244565778265983,0.04975666305810663,2.2952173167210788
0.27304186764932503,0.09338912241126976,2.29786575227482
0.20698473955504512,0.11836945915083369,2.3002197790622607
0.3316897196529634,0.12026637299412749,2.2758182890400196
-0.04398053701216963,-0.7585457733790152,2.0363535103832704
-0.013810525937836996,-0.6479144304487559,2.0988868642974254
-0.1142256488767526,-0.8140268993885242,1.9648816028852187
-0.07709961432087706,-0.6956533051932245,2.0528413198129427
0.3439997317967472,0.1278334592605517,2.232939874956357
0.3161995680919318,0.12993183507739375,2.2302746334225763
0.35544626449441336,0.15778673419264314,2.2165437411393407
0.3435271697596918,0.1425551432010585,2.2165519421317
0.342485400076524,0.19316255282290143,2.207828640056801
0.3763177779774274,0.21932173178997352,2.197399909319426
0.39690027851037174,0.227470137960184,2.1936506196493704
0.40338125502751243,0.2260097227941211,2.1924017977331487
0.37447557527639,0.22196441202220749,2.1966281259300704
0.4100929982715016,0.1935992608352433,2.193892858094229
0.4199639707394864,0.24433576441937052,2.1847680580252744
0.4015832012800011,0.15009685921611854,2.2061206326494007
0.417333383418868,0.103948784348174,2.211746819698552
0.3991130048763137,0.07793847005542974,2.2220700139018636
0.41960438340522827,0.09475991162452094,2.223917899090347
0.47568182966880357,0.11562758510113036,2.2151125410673638
0.5788937460804592,0.21977034734805956,2.17525618576786
0.4095953225310515,0.44228666268219274,2.172906270542017
0.4849735850514361,0.20494217413852925,2.2258086440158906
0.5317154996360249,0.14566275992664984,2.2303267846912096
0.5196794427712627,0.12203672359055955,2.249948000994848
0.5539737760264957,0.17736984331897526,2.244413101002753
0.5948394207520477,0.1122888086528245,2.249894612945065
0.5958358074117528,0.08692259481461755,2.268958357038759
0.6107651597632742,0.07920206100423713,2.2812058278013967
0.6344039617499685,0.08397387840906968,2.2862313687857836
0.6547829152774828,0.09649146331261421,2.29057260745084
0.619082178108619,0.06672931831911853,2.3293997016750843
0.6501711469875996,0.06263646550049706,2.335089010770583
0.6646275031979115,0.0682781494483461,2.348009840230258
0.6803137304805847,0.07577071639993864,2.355290161528234
0.6979536200515587,0.08112971888887296,2.367268301225663
0.6794849035317652,0.059647384365847114,2.38943132874607
0.7094983101705901,0.07287349447188095,2.3960595750018494
0.7043501566584113,0.0809410976755707,2.415120290754584
0.7279280301868304,0.07713239349323504,2.4193003708565586
0.7193227906723229,0.09074853727818306,2.437836831511932
0.7530488063156549,0.0986760861711151,2.437940541067664
0.7781333299713638,0.08569473728608526,2.443043044790156
0.7711492006748799,0.10518639463680413,2.4684231978315547
0.8001665514598089,0.09292937594237416,2.4662009205967665
0.7874438601477233,0.09466766992250056,2.4877307378099265
0.7955055683214725,0.1182406189017324,2.4947286915807028
0.8217476974645508,0.10409375404471093,2.5032468573783633
0.8728151826338788,0.07370604666262337,2.4954494954694666
0.8634510269831951,0.07164523078227096,2.5196548725395407
0.8757105877797312,0.08019766030967615,2.5229464531045367
0.8706952977305645,0.0783929491185305,2.546513729330036
0.8678860732367684,0.0657298314163433,2.5633964168928083
0.8775991847347576,0.07377956642517694,2.577067538914001
0.8617106187409452,0.0654030224695982,2.6058881167646537
0.8498238907063321,0.08293604296971899,2.6263867259534424
0.8915476137091947,0.04286452315978764,2.622908942314407
0.8550638274417937,0.056163940637751736,2.6677284069356655
0.8715597178724859,0.07027397556337765,2.678512242273045
0.9181879764858203,0.05436976525227272,2.6707968463248695
0.9127038199753097,0.06808602940051639,2.6894342051728373
0.9313375944512929,0.06282383153643945,2.7043217316145323
0.9507264543711693,0.07421486959648725,2.7025812976100783
0.9477495769647963,0.06532456866681727,2.7190503719135943
0.9454540194712691,0.06124853604836438,2.7414516972146052
0.9738167384324731,0.0647606238301228,2.7412477386256984
1.0031272602200272,0.07000550327794722,2.7409024238064474
1.003381484677544,0.06495154819689757,2.7538930050550228
0.9792700399621472,0.030935908851223732,2.7826649296531625
1.0146746123629697,0.08322282659735629,2.7775366035683002
1.0359657874279584,0.08076524552673106,2.783256667417076
1.0633256230019086,0.10951116726657101,2.790672582182201
1.0378909341028986,0.08765387834756315,2.8113723807771787
1.0690793769161777,0.09771391168317328,2.815597935098871
1.0708071743736822,0.10290018049478512,2.83085119099226
1.0855030946451885,0.07287215309311224,2.826014306110851
1.0653419673138802,0.0698432594326255,2.851748660907977
1.087115713497524,0.05030435686399209,2.852721262616928
1.0676810918766364,0.08506891385356874,2.8849660054135353
1.103033888479018,0.052113690488346076,2.876316961572542
1.0947121227418293,0.08180073555637547,2.8963191456578423
1.0864551772064521,0.07967480878161624,2.9148783442316697
1.1217573116982755,0.07736954211558249,2.905508297538932
1.1235940908763211,0.09352699557681213,2.908935085279201
1.0983553706213882,0.13355939801709923,2.93678323057635
1.0879160238262537,0.09910896500581481,2.9602190735478597
1.0527618303713533,0.08095577790536429,2.995234654767491
1.024125243320078,0.08533110403981158,3.0190412366364403
1.03937782128623,0.09601319069596724,3.0209122167506592
0.9943166390355442,0.08025510692439532,3.0623655495447024
1.0491616765134248,0.10524695009250644,3.049492693897238
1.0465495263808946,0.10031458854102539,3.06455370602568
1.004722923154115,0.08810760254675996,3.0983109277364305
1.0038955815533976,0.05056908214951305,3.1126661524209114
0.9455521941806685,0.07194379235777135,3.14587619224355
1.1012334257732705,0.03295372896917971,3.0724816443090335
0.9740508049438793,0.22533614991296572,3.112666980830026
0.1394905482151548,-0.5850626083027833,3.256669512853034
-1.3036380444723026,-0.15290219025105045,3.021923716454593
-1.1155630295468675,-0.06327035123902577,3.1089314228148925
1.0961302671219777,0.0956813141622811,3.126787905187036
1.027365101500704,0.106866041851059,3.1678078251210584
0.9827008759907392,0.13504208812555626,3.1903857404816054
0.9637303865450131,0.11511461302784146,3.210670664794158
1.0008908252013755,0.11901170303497953,3.205383009397
1.0496866340880013,0.11002532893557396,3.192439588874679
1.0336824469214954,0.07936363784937185,3.2020550051144685
1.0666616037769343,0.110309970392217,3.1941735990847495
1.0285726458290236,0.11362165118697126,3.23104747388686
0.9390202609656711,0.16284364004623875,3.2815664727386387
0.9378212372253137,0.08928715967374318,3.291248796002773
0.9341198906052829,0.1378500679477398,3.302895405856016
0.9414414500615838,0.12718232123930007,3.3002932699007137
0.9432956682015888,0.13265306069867852,3.3124226741937437
0.996466649522096,0.15925300391253094,3.295977224061729
0.988664958698851,0.13815702234849647,3.3124273036785183
0.9613770622730964,0.14098294400751693,3.328303679979915
0.9426519333029336,0.15280389777047698,3.343455478958022
0.9901532651241842,0.19900892721065844,3.324418116430082
0.98514951973868,0.20621876978079937,3.3320909123601665
0.99617959563361,0.15146304717257547,3.342063850259483
1.0251813925169586,0.14926546886388625,3.3383707078844944
0.9597693990322177,0.10206659093295024,3.370656560337173
0.968024650867153,0.11055010983044707,3.3808232754633445
0.9427821045987691,0.14694701862848655,3.383847669254856
0.9472140187307405,0.12644235462453499,3.392651901121236
0.9448810398127161,0.07299746263381744,3.4081290668768975
1.0375710580244544,0.1116749440419792,3.3796965570914357
0.9439309734519273,0.13724578381677413,3.416493631546799
0.9284902710545421,0.12260562825438878,3.4319619235113334
0.9382585541367724,0.1361147581708419,3.4308305901649025
1.0000746529288835,0.1111043912451232,3.4000906960373327
0.9675337054857759,0.13088793152272538,3.4211908485979072
0.938503163504995,0.12305671627491338,3.425586018029034
0.9421889593786488,0.10610570385159099,3.4294871949239414
0.9300776912789456,0.10258682116371574,3.429908037444937
0.930136540709334,0.1067235157979093,3.425714668549535
0.924720809454726,0.12264490309714007,3.420354489762678
0.9432423027186165,0.10562533701053542,3.404876725582259
0.963920900548916,0.1244006323017804,3.3865151753303495
-0.9475872007464922,-0.10625757032316203,3.3849285716466118
0.9081406702047672,0.13603961680655308,3.3961705604168415
-0.9316691892880599,-0.10317557619456384,3.373769531972768
1.0218144507121256,0.11068580453950404,3.31118533798436
0.9456081252969197,0.11504426753866458,3.336993222986168
0.9743728470302443,0.11645823962235406,3.3138758806479376
0.935561387596966,0.0889989187232162,3.318123220813522
0.942124764448862,0.08041458145213688,3.304725254726999
0.9466428439918865,0.03806769138213171,3.287864428168272
0.9821793373518665,-0.021151144488385603,3.250669303402649
0.9340719837729242,-0.09169978693100665,3.235941422443837
0.9129263278309405,0.013131903552646743,3.2336779803220823
0.9499733057813708,0.10249673152575887,3.207908904081048
0.927088238063425,0.09719787228332306,3.1941277544758604
0.8600436265017091,0.12436694237075964,3.1940075883211336
0.8928404063667735,0.10548857190122146,3.167461474861092
0.8974913334200286,0.04238475629456681,3.134970662039279
0.9208058227224551,0.06176576674591202,3.116029939516634
0.9011926167194733,0.033505603839526776,3.1017649147010555
0.8936193368846167,0.06253810575850938,3.0943020682639757
0.9610749592401867,0.07306572645180819,3.0323592515942366
0.9149754940107031,0.05120512652565353,3.029548028355244
0.8660872311431056,0.0858352786880718,3.0372777557341033
0.9102845886665617,0.10596092590489732,2.9917504922204174
0.8795155651212,0.09613589322638158,2.98750685913875
0.8998121474014648,0.10879851618396522,2.9541453056072062
0.878449762595655,0.09916393972898642,2.9429188585229102
0.8721718228943254,0.08508838785128944,2.925635823134669
0.8551867214366924,0.07535873682921085,2.916630976399579
0.8493539070932552,0.08981026357106708,2.896257988096272
0.8904076996639507,0.1086969963692848,2.85976520450639
0.887364409032918,0.11230399363988634,2.8476147155281897
0.8390749736919989,0.09294169986281264,2.8562397058092728
0.8132101707015755,0.14229868257739325,2.851429057979527
0.8557056406748412,0.11206765192096517,2.805266949292356
0.8964502942651371,0.11330274131737542,2.7767382020331652
0.5622037430639528,0.4864643075625002,2.784700188400255
0.37886850575142095,0.6391105395962386,2.6809166956696453
-0.23395721683512982,-0.8397688746262084,2.6161534032637657
0.9770444664931615,0.1575186503305768,2.6245167499408835
0.9325816579160191,0.13879025923623067,2.624730165080782
0.8599424493934871,0.1403391429768333,2.6344396565334858
0.8776556266864195,0.14625980076753473,2.609682369620322
0.9141091247022531,0.10535880622150018,2.5748713197526887
0.9049986073530316,0.09224653264480216,2.5581485674766706
0.8713163279591326,0.0698758758008022,2.55822444880299
0.8349445762964004,0.10393864709395152,2.5510533254789656
0.8140945610691163,0.06133834733659882,2.5424893329564666
0.821008278384277,0.05122193750539884,2.5212255039141636
0.8164766064018515,0.0571269851164388,2.5037706264041764
0.8228271508234927,0.08036902871694607,2.4797764357527075
0.8040862778677523,0.05461677151203355,2.471991639253956
0.7921660137363112,0.061401473663548596,2.457500162409698
0.7825241422913788,0.05128945479932368,2.441378032543472
0.7482180181849384,0.08896746808229805,2.4392085317115413
0.7769780609014568,0.07960797086832269,2.4061097805768648
0.736335662286373,0.08104738395893497,2.4063384977521634
0.7422266822877626,0.09486138885780496,2.381382630295615
0.6905246712348247,0.0933668450192603,2.3815846451272513
0.6573510399779278,0.09975227825714222,2.381390072464594
0.6183608131823459,0.09339160263116437,2.3797453237737725
0.6267767387188534,0.08481422746393862,2.3574813653314584
0.5733338116746631,0.13647292592414367,2.3567579157020417
0.560260218458575,0.11356490742743473,2.3493115320655065
0.5421408805779684,0.10481715504732363,2.3433187870107934
0.539232975205013,0.12069158040508102,2.321390686125328
0.5152634807863854,0.12187917606630551,2.307242727041357
0.5354959406056589,0.10924176314762671,2.287284922391975
0.5064955532052773,0.12673676686591884,2.2867164072245356
0.5386528603606879,0.1154623162550039,2.264758834665439
0.570890759224691,0.11889100057858815,2.2362498987569785
0.46967379316636615,0.12417692120707575,2.241949367586903
0.44710760502163666,0.07811391646714233,2.2315119924564386
0.443963427888283,0.05226176853667702,2.2216317504316274
0.4518610843657157,0.06365442876601027,2.2048315098264832
0.4304051103820666,0.08349775990736541,2.1967451779954468
0.381822347524221,0.10031565033472958,2.1913159392082364
0.3439019404937261,0.08337185174769363,2.188801896405649
0.35738465518887264,0.08896216497268652,2.1650016610579974
0.3413788454961722,0.08807393109928553,2.1544120030540634
0.3411203384578065,0.1395477261496163,2.135388662973781
0.3404832543290305,0.15909663759749135,2.1166219236595722
0.32952702986148635,0.17572096595998699,2.1031134141792167
0.33645243091683447,0.183702041482295,2.086947094167621
0.33782293591633844,0.20225190542031485,2.0674358257676166
0.3658132246599387,0.34114845047203696,2.0137039428775623
0.32872059273455795,0.09183413326477238,2.056926648075609
0.2528167039128953,0.1659050375648227,2.0453120168871095
0.2217535283907128,0.13719044952583417,2.036718589637087
0.16369468248782318,0.10675123806187783,2.027264251025461
0.10455454106955114,0.10415323847948178,2.017148031452224
0.1974366628678132,0.1300047617093685,1.9946424370887543
0.19016201385681875,0.15997114573249815,1.9740244809059575
0.20048328536354976,0.13461987703838696,1.9597366227310486
-0.1415517137998489,-0.5210426299006405,1.817963332281621
0.27316863793425417,0.2823169056876802,1.879631763451453
0.1769185468309033,0.10811112306476814,1.9125364228555242
0.19918938421411153,0.050810691479978146,1.9005946242517202
0.09973812616870592,0.09910123310199292,1.8970893479665265
0.14619633300424015,0.1257050735010338,1.8766204097870127
0.17237733026115717,0.054279074771306106,1.8663787291425555
-0.21092615164601586,-0.060885205516390185,1.84365706735389
-0.20527433884175683,-0.021064312612477043,1.8247312617899278
-0.1075174664543859,-0.062448404645870315,1.8225085743028193
0.11276302936006845,0.062018560657341244,1.8103909776643619
-0.17845132990858079,-0.01940068091416696,1.7883643489644636
-0.27667326445962903,0.023912598337697114,1.7633171124356828
-0.22450246750983538,-0.05065277734562016,1.7522416479943534
-0.2100729173639179,-0.02967206385889421,1.7378719914194312
-0.17431907333529015,-0.016604172041022453,1.7305999498932416
-0.17809484707174025,-0.018967930164650183,1.7212537241708212
-0.215478756876901,-0.01917250073764761,1.7008697773430559
-0.2268965318718206,-0.028337135162115376,1.6850480806170276
-0.2366488541891143,-0.03938195381843677,1.6712150482271377
-0.216477757850242,-0.025564647293760397,1.6615845323918073
-0.22998200940262045,-0.03754563125584549,1.6486545344152443
-0.2466648826545015,-0.06012396255363447,1.6298833880603465
-0.2336923131243467,-0.053694553019716686,1.6219354691624055
-0.23993219637311664,-0.03288021019470049,1.607970450627524
-0.2188804415161726,-0.0036618340289728494,1.5998881057950705
-0.22391445008829097,0.02217756990089929,1.5856071781025052
-0.20448473677606593,0.02095497889480985,1.5771162987261007
-0.2204644025798238,0.04035376145413494,1.5615701098203325
-0.21919074894618545,0.03464689662545712,1.5498447500690906
-0.2089850222221984,0.02764980690253939,1.5380193160669766
-0.21769461451671887,0.03784496432548682,1.5210128703374275
-0.2018051937634439,0.03891046328216161,1.5093391129175098
-0.19391846401685,0.023031684732564194,1.4974773878050411
-0.16531123802686293,0.07429610493092902,1.4848960509896831
-0.17956475553445378,0.05405543368956155,1.4693053332717798
-0.1633225871743462,0.0830919115499516,1.4540596957412875
-0.16725046094785737,0.05710041975881621,1.4406520854593317
-0.15069598416700486,0.07861411656557024,1.4266849725344992
-0.11956774633215003,0.07569701509860892,1.414119206161665
-0.15570302165235284,0.04345434346846484,1.3936648013202386
-0.1407816580463543,0.04842113879119009,1.3800696752520885
-0.13348180868954587,0.037676448995905235,1.366852857093587
-0.11669615643978488,0.04539375935623715,1.3547001832527508
-0.10388683384163926,0.034126718859793716,1.3415491961942534
-0.09277255863124981,0.03421664431217745,1.3286152774488802
-0.06943269212048084,0.00969791308242821,1.3175057784267488
-0.08010395072978191,0.010162785492504706,1.3027073034559142
-0.06794211303042139,0.03198990083115848,1.2897024344951769
-0.0611635737651387,0.022223642621900096,1.2779696128322169
-0.046409292584529506,0.023613261462256032,1.2659133588658427
-0.058392144073085954,0.017503550573634823,1.252352315945206
0.020160898717088413,0.05573670480644931,1.238940553465379
-0.02190628920277096,0.04147257816736276,1.2263789811725847
0.022892637877375988,0.0583956503280989,1.2123085930771351
0.03665885232064585,0.06282510082836154,1.1994696098951945
0.005955649857667681,0.08215840760109756,1.1847749259573754
0.026467001063028146,0.05121487621753728,1.1741918519931118
0.02926786099833122,0.06843748614108454,1.159167755805213
0.03318694476392495,0.0543088072188686,1.1472592936871802
-0.0016619132620087544,0.060333039765726175,1.1362614328112564
0.015409395148041922,0.04116844407455996,1.1255556016624877
0.05673804946508481,0.03376150702272378,1.1127391397566204
0.040127101753727155,0.040251418089981034,1.1016622052842495
0.049705875950311125,0.05188083554020827,1.0892591796566289
0.033617174482465734,0.05929134188953707,1.0798957861397789
0.07266589587105342,0.0471377459023565,1.0661838435776005
0.07852856545835049,0.06272313964202014,1.0539102867802368
0.09314798862327348,0.07656289269679073,1.0408006277558044
0.10681654713632446,0.07952479807729297,1.0299163658423578
0.12393941877750876,0.09157792981787939,1.0171412332985688
0.13114489161111995,0.09519199049508315,1.0075858788603542
0.15992355905839267,0.1099862615356946,0.990713701074188
0.1486232371272811,0.08382026164861144,0.992862548995294
0.14746098830068094,0.0835280253687891,0.9881698057699357
0.15429534155336055,0.0725792217242369,0.983048836938445
0.16611712891467856,0.06702045095909623,0.9763140412619045
0.17643417229558686,0.07269296818551606,0.9696043379532471
0.18743670213550134,0.07129404325724074,0.9633746572949974
0.19443455514368793,0.0720859057939315,0.9594623359126171
0.20784551680243993,0.07243736523920745,0.9532623485348505
0.22536585272396856,0.07062137600223498,0.945713248929998
0.23273969357322502,0.07376012825309415,0.9415073731522121
0.24574331662396626,0.07449197194545756,0.9359125469986349
0.2563747541862702,0.07319695546641787,0.9309558848870805
0.26660529563247026,0.07326331040282172,0.9269803602552279
0.2800030649850161,0.07489088247485255,0.9194877731890049
0.27962278571779814,0.07151525507432008,0.9198683852948901
0.2911877073609949,0.07243369665139325,0.9141543019918338
0.3007537745751092,0.08489608222624127,0.9060682416630857
0.3107755812249723,0.08465783107106661,0.9004959958218755
0.3123333259016094,0.08001621556858572,0.8991099944852374
0.3168464188235685,0.08170533392499525,0.8951711723728215
0.32318436997482886,0.07752190164466441,0.8902231242843577
0.3295141720540075,0.08030106167732545,0.8841634082931299
0.3358471945886691,0.08574650416794972,0.8771075684826737
0.33412968622841543,0.07983223565848938,0.8751864020282403
0.33870986440636763,0.08355628029544067,0.8669230164640505
0.34250242674036824,0.07865505012417551,0.8580202739001271
0.3403610229326339,0.07971191647561542,0.8519270942743367
0.3373543462278095,0.07850304704728278,0.8457629498949777
0.33749522033445706,0.07500692536912036,0.8371765574885106
0.33440925893497336,0.075465322858685,0.8298205779140408
0.3281163093782098,0.07783089783531277,0.8231532908155285
0.3239485469743475,0.07586315848124306,0.815226097370747
0.319809028353349,0.08203084974266893,0.8042623236535313
0.31468096450797756,0.07499232551435353,0.796858681171277
0.3090206486297545,0.0808294683890332,0.7862866164285666
0.30590382945304384,0.08149036773440978,0.77635330563696
0.30412685875779333,0.08533933735189717,0.7645727358877311
0.29482991642713685,0.08576766634739341,0.7588358431709544
0.2911725371313096,0.0882213905954726,0.748466412199098
0.2828647462137744,0.08568644608758283,0.7426046693370265
0.2770811249544984,0.08625556249240868,0.734036344594678
0.2736596213146169,0.08663218978139307,0.724673182411893
0.26790618134994837,0.08732892177302533,0.7172639462665821
0.2609321820052175,0.08705487634478422,0.7117574634111438
0.2575332807391193,0.0867999529043857,0.7037341991420426
0.25184314279437275,0.08616585088132098,0.6982715759723894
0.24665682110624942,0.0844716389246412,0.6929029433140669
0.2430168181471043,0.0841931666393636,0.6858670504801839
0.23703505012020606,0.08507514884976236,0.6805216443317273
0.2320940769418763,0.08313614300997031,0.6755169198570912
0.22757864035143663,0.08306784323801132,0.6697289163446224
0.22226955868009943,0.0819010324174581,0.6653116011741088
0.21862020367986132,0.08125408257069039,0.6597841096948471
0.21537968638986815,0.08160915102627922,0.6549013417858096
0.21126385593480898,0.07989097145034134,0.6503008546402052
0.20801998050892004,0.07985132306562505,0.6454377471442524
0.20469473969169852,0.07957926209927813,0.6413498307813509
0.20265023684512465,0.07792839913786155,0.6362522003931695
0.19895518781067645,0.0783650785319358,0.6320332488284489
0.19672083845506516,0.07554708635825831,0.6281393078540972
0.19481297116767055,0.07680593373172882,0.623121383639067
0.1921382377671243,0.07486896225136865,0.619936144051791
0.19071593502189077,0.07510469524681568,0.6164284968103824
0.1883215551105424,0.07432517607839395,0.614073842297742
0.18677144192102485,0.07636957418383666,0.6113737045920248
0.18491470042174535,0.07486786639443131,0.6091931968806943
0.18452724549501204,0.07355426328363206,0.6062510008486875
0.18440380815297355,0.07425063780049419,0.6035139206578078
0.18196198856900228,0.07364278253733751,0.6019896878824296
0.18076310331265547,0.07313486449793634,0.6003063063648197
0.18175567182541016,0.07265304899423862,0.5978587683540851
0.1818878607938646,0.07329194150258489,0.5961059911527391
0.17968568237372576,0.073213714589865,0.59519365109569
0.18016271510541532,0.0730741886937748,0.5937967832541279
0.1794426681786692,0.07356004531805599,0.5927075132376562
0.17995683830328682,0.0726041575121288,0.591578391216046
0.178693915768196,0.0747751413624324,0.5914117098476379
0.1782244932716431,0.0740285256025499,0.5911141731553122
0.17788723603233345,0.07443382092070075,0.5910095764172755
0.17814618038472024,0.07416609378373856,0.5906074993328599
0.17735904620244713,0.07381060536746134,0.5912514674827646
0.17822705068490063,0.07374254241227958,0.5915781052708573
0.1777317356159529,0.07375778658857036,0.5927564802796441
0.17686311684673306,0.07447226796575089,0.5942252641064938
0.17711211189968162,0.07414021007535739,0.5954536060221719
0.1791358074338002,0.07328393959645127,0.5964007933055612
0.17929436525118833,0.07338808582533858,0.5980658528006007
0.17863618541551574,0.0745948730264136,0.6008133551767206
0.1791809288051953,0.07544183070061163,0.6032809025900382
0.1814379111196452,0.07392121195510866,0.6054487081155508
0.18201497510656964,0.07344960288905168,0.6086777937895775
0.18301889402647784,0.07387472081219808,0.6118800907296006
0.18301269948092597,0.07400565146378918,0.6162143206223136
0.1855152478570183,0.0747563846705758,0.6196044975535083
0.18627907170458174,0.07458308939380785,0.6247377207336503
0.18814193464826925,0.07387777154147886,0.6296439829946041
0.1892422340391973,0.07498456758269299,0.6342009953825459
0.19070458074282928,0.07381707041822055,0.6400638155688888
0.19334042587464023,0.07575916944839076,0.6444519548337589
0.1939135987392249,0.07320852898020865,0.6512934510136692
0.1967440162912149,0.07411422097094907,0.6578550760512916
0.19826270023161738,0.0738167674229787,0.6653357631928134
0.20217347549055154,0.07389446764089388,0.6719106485632457
0.20270703383668404,0.0745970061831553,0.6805961875177686
0.20407690079719434,0.07501707219054016,0.6888967244889376
0.20749028341682937,0.07546531444807748,0.6968333345641927
0.21246982339682008,0.07599337637896524,0.7034555609930369
0.21174593678435155,0.0760591947517625,0.7150984878104191
0.21849936256804797,0.07778831306081682,0.7216391053595369
0.21771135032806918,0.07742512068839326,0.7327930631504781
0.2217693270505157,0.07864332596666881,0.7406153669460622
0.22528776626722194,0.08008234305632558,0.748367343363042
0.22797267422998377,0.07997621486320616,0.7571908408789106
0.2310918871761423,0.07905144475619849,0.7654315211766237
0.23195379222560766,0.08032469053963369,0.7738466100279635
0.23411545538903705,0.07988428549503816,0.7815241216477041
0.23413333489872074,0.0827171304199338,0.7896853256945833
0.23702694189578583,0.0826438170980561,0.7962388577616387
0.23851331943750656,0.07708768721821874,0.8051560311360303
0.24052341533797414,0.07924667815966038,0.81104561904663
0.241979347851315,0.07675534347955294,0.8173733051354944
0.24061598652763225,0.0729129340378509,0.8240729299477805
0.24283069693092615,0.07422764170858105,0.8287501506642072
0.24764183184515245,0.07499884434375967,0.8313369726730858
0.24620912303261738,0.07134942910475275,0.8386191469613447
0.2501633005301252,0.06789827868068139,0.8403185645077281
0.2545563948797619,0.0680584927447177,0.8411887005080191
0.2539904871132628,0.059088194128562616,0.846742597521078
0.26040753832414626,0.048671024781761336,0.8464633093589994
0.2653942955576343,0.04987293589916247,0.8459445650706636
0.24436316175883618,0.029369107455472193,0.8623647622386307
0.26925134043775223,0.047828564810614524,0.8482577655581574
0.24565331550728997,-0.0010570483437404806,0.8670063420219788
0.26305574666657927,0.03443298698911171,0.8582162910188432
0.2859699885367319,0.0323280258360003,0.8417380795522932
0.2755838883171381,0.040149218657379984,0.8492583728702899
0.2799090862046916,0.017226031722152247,0.8497207929731356
0.2725205902756552,0.005437375335625192,0.8556877543837718
0.2665812732725299,0.02999315539953441,0.8599375659374636
0.2690236873777382,0.004321040467178479,0.8577361495026375
0.27910872044485846,0.0001828379674563777,0.8533056694704748
0.2635876618775472,0.011014606436340318,0.8610861680507543
0.24574055514055146,0.006077572379120207,0.8740375935454728
0.21953303037440414,0.03456087543811319,0.8866097521712858
0.22896234514917344,0.005490836912387333,0.8812339156311668
0.24253303036075394,0.012932950883011694,0.8729868241175971
0.2158433298791728,0.008395211230925775,0.8860620339998072
0.21343548453288047,0.008576852149979807,0.8853688703279344
0.21622014483323118,0.007512196457688864,0.8854314759913433
0.21137402665081909,0.007258555403968901,0.8881782338384198
0.2160723835825599,0.010265390437837654,0.8870368488744677
0.21634840141485825,0.018602797701115344,0.8874340079169537
0.22025814623393883,0.02787354722974854,0.8864238072066843
0.22488698160999532,0.020697752346508586,0.8846361192996618
0.225461350887756,0.01932389493384033,0.8828566445968405
0.22538388834677298,0.04205383181408366,0.8814105519423914
0.23039570139970256,0.03387046618545863,0.881474184401182
0.22967108640706768,0.023574106897366102,0.8841363296681718
0.23032871116554646,0.02859810714379251,0.88398623528097
0.23330814034161548,0.040159059272704516,0.882485707346495
0.24233941527599215,0.03892486263627872,0.8799439436429801
0.24197410060658775,0.022662234065938577,0.8814450463181345
0.26633295021797,0.024870288939555667,0.8672020731732655
0.28913116584286797,0.04036071280745393,0.8533291650084079
0.2668410075351011,0.030892550636306897,0.8689056030952751
0.2379038575890167,0.01077917533584514,0.8869662343137424
0.24519513431581408,0.00888237448911494,0.886671991860877
0.2431903265546645,0.021333577707995197,0.889641381035492
0.24462476733661506,0.0350827553227251,0.8901036100473104
0.26501137676190945,0.028821055493368056,0.8824827033220519
0.25934678475182155,0.045331879245795154,0.8863280482039356
0.2647856278706083,0.05761907200512442,0.8853157321485436
0.26851993147647263,0.06291182345729991,0.8873020698119825
0.2680653009861976,0.06465910335093773,0.8901871113199774
0.26738093682672764,0.06985632162237165,0.8934009916964099
0.27088679784914044,0.07153653275281512,0.8948507480823109
0.27048172980819474,0.07421831577366779,0.8974474990297521
0.2709455223279339,0.06973363595043022,0.9000413095070992
0.27004864008217927,0.07541845509899647,0.90184356951476
0.2749470996784078,0.07570544034135708,0.901356583842832
0.27191519644901196,0.07301903131736409,0.9050457675021292
0.27134110696225006,0.07450464260789268,0.9059248757849282
0.2716532878047954,0.07569141505076304,0.9075284550966916
0.27016756610549625,0.07673476539322757,0.9096079683521238
0.2726276177579445,0.0737476816644484,0.9101755137944495
0.2743363532303341,0.07461549916910251,0.9094871949022242
0.27326548098404935,0.07296247961703459,0.9108194383507945
0.2715493072964208,0.07183255363429561,0.9121477752829016
0.27231556858325523,0.07389081393501706,0.9126579091148384
0.2740045415848214,0.07317195834319257,0.9127835402938214
0.2730250562652819,0.07154970275248218,0.9147168260206687
0.27521631158825133,0.06855386414910306,0.9145837679098243
0.273988814657348,0.07105474931961071,0.9164530176505845
0.27149227518811936,0.07017071644787434,0.9181117711620601
0.2710899302696712,0.06965667677437425,0.9191342684688624
